{"baseLayerConf":{"defaultLayer":{"id":"defaultLayer","title":"默认地图","mapUrl":"http://192.168.0.80:8060/geowebcache/service/wmts?service=WMTS&request=GetTile&version=1.0.0&layer=XCAJ_25D&format=image%2Fpng&height=256&width=256&TILEMATRIXSET=EPSG:3857_XCAJ_25D&tilematrix=EPSG:3857_XCAJ_25D:{z}&tilerow={y}&tilecol={x}","labelUrl":"","subdomains":["01","02","03","04"],"maxZoom":18,"minZoom":13,"crs":"EPSG3395","visible":true,"center":[0.04708009892770862,0.10002417295168588],"initLevel":16},"imgTest":{"id":"imgTest","title":"二维地图","mapUrl":"http://192.168.0.80:8060/geowebcache/service/wmts?service=WMTS&request=GetTile&version=1.0.0&layer=XCAJ_2D&format=image%2Fpng&height=256&width=256&TILEMATRIXSET=EPSG:3857_XCAJ_2D&tilematrix=EPSG:3857_XCAJ_2D:{z}&tilerow={y}&tilecol={x}","labelUrl":"","subdomains":["01","02","03","04"],"maxZoom":20,"minZoom":10,"crs":"EPSG3857","visible":false,"center":[39.91999268531799,116.39021158218384],"initLevel":17},"amap":{"id":"amap","title":"高德地图","mapUrl":"http://wprd{s}.is.autonavi.com/appmaptile?style=7&x={x}&y={y}&z={z}","labelUrl":"","detectRetina":true,"subdomains":["01","02","03","04"],"maxZoom":18,"minZoom":4,"crs":"EPSG900913","visible":false,"center":[39.91999268531799,116.39021158218384],"initLevel":15}},"featureLayersConf":{"BASE_ORINIT":{"isShow":false,"isDraw":false,"geom_field":"GEOM","crs":"EPSG3395","netSP":"http://www.bkvito.com/xichanganjie","nameSpace":"xichanganjie","serverType":"OGC","info":"","visible":false,"filter":"LEVELID in (10000007770007)","tableName":"BASE_ORG","auto":false,"title":"初始化区域","url":"gis/proxy.jsp?http://192.168.0.80:8080/geoserver/xichanganjie/ows","geoType":"polygon"},"BASE_ORGQX":{"isShow":true,"isDraw":false,"geom_field":"GEOM","crs":"EPSG3395","netSP":"http://www.bkvito.com/xichanganjie","nameSpace":"xichanganjie","defaultStyle":{"fillColor":"#CD4F39","opacity":0.1,"fillOpacity":0.5},"serverType":"OGC","labelField":"ORGNAME","info":"base_org_view","visible":false,"filter":"LEVELID in (10000007770007)","tableName":"BASE_ORG","resource":"djxt_dzzgl1","auto":true,"title":"区县","minZoom":14,"defaultZoom":14,"url":"gis/proxy.jsp?http://192.168.0.80:8080/geoserver/xichanganjie/ows","passStyle":{"fillColor":"#000000","opacity":0.1,"fillOpacity":0.5},"geoType":"polygon","maxZoom":18},"BASE_ORGJD":{"isShow":true,"isDraw":false,"geom_field":"GEOM","crs":"EPSG3395","netSP":"http://www.bkvito.com/xichanganjie","nameSpace":"xichanganjie","defaultStyle":{"fillColor":"#CD4F39","opacity":0.1,"fillOpacity":0.5},"serverType":"OGC","labelField":"ORGNAME","info":"base_org_view","visible":false,"filter":"LEVELID in (10000007770008)","tableName":"BASE_ORG","resource":"djxt_dzzgl1","auto":true,"title":"街道","minZoom":14,"defaultZoom":14,"url":"gis/proxy.jsp?http://192.168.0.80:8080/geoserver/xichanganjie/ows","passStyle":{"fillColor":"#000000","opacity":0.1,"fillOpacity":0.5},"geoType":"polygon","maxZoom":18},"BASE_ORGSQ":{"isShow":true,"isDraw":true,"geom_field":"GEOM","crs":"EPSG3395","netSP":"http://www.bkvito.com/xichanganjie","nameSpace":"xichanganjie","defaultStyle":{"fillColor":"#CD4F39","opacity":0.1,"fillOpacity":0.5},"serverType":"OGC","labelField":"ORGNAME","info":"base_org_view","visible":false,"filter":"LEVELID in (10000007770009)","tableName":"BASE_ORG","resource":"djxt_dzzgl1","auto":true,"title":"社区","minZoom":15,"defaultZoom":15,"url":"gis/proxy.jsp?http://192.168.0.80:8080/geoserver/xichanganjie/ows","passStyle":{"fillColor":"#000000","opacity":0.1,"fillOpacity":0.5},"geoType":"polygon","maxZoom":18},"BASE_ORGWG":{"isShow":true,"isDraw":true,"geom_field":"GEOM","crs":"EPSG3395","netSP":"http://www.bkvito.com/xichanganjie","nameSpace":"xichanganjie","defaultStyle":{"fillColor":"#CD4F39","opacity":0.1,"fillOpacity":0.5},"serverType":"OGC","labelField":"ORGNAME","info":"base_org_view","visible":false,"filter":"LEVELID in (10000007770010)","tableName":"BASE_ORG","resource":"djxt_dzzgl1","auto":true,"title":"网格","minZoom":15,"defaultZoom":16,"url":"gis/proxy.jsp?http://192.168.0.80:8080/geoserver/xichanganjie/ows","passStyle":{"fillColor":"#000000","opacity":0.1,"fillOpacity":0.5},"geoType":"polygon","maxZoom":18},"D_BUILDING":{"fields":["ID","GEOM","ORGID","ISLOCATE","ORGNAME","NAME","ISBUSINE","ORGPATH","REMARK","MAPBIGTYPENAME","MAPSAMLLTYPENAME","MAPBIGTYPEID","MAPSAMLLTYPEID"],"isShow":true,"isDraw":true,"geom_field":"GEOM","crs":"EPSG3395","netSP":"http://www.bkvito.com/xichanganjie","nameSpace":"xichanganjie","defaultStyle":{"fillColor":"#CD4F39","opacity":0.1,"fillOpacity":0},"serverType":"OGC","labelField":"NAME","info":"d_building_view","visible":true,"filter":"","tableName":"D_BUILDING","resource":"djxt_dzzgl1","auto":true,"title":"楼宇","minZoom":16,"defaultZoom":17,"url":"gis/proxy.jsp?http://192.168.0.80:8080/geoserver/xichanganjie/ows","passStyle":{"fillColor":"#000000","opacity":0.1,"fillOpacity":0},"geoType":"polygon","maxZoom":19},"YLWS_HYGIENEORG":{"isShow":false,"geom_field":"GEOM","crs":"EPSG3395","netSP":"http://www.bkvito.com/xichanganjie","nameSpace":"xichanganjie","defaultStyle":{"iconUrl":"image/poi/tyzx_religiousorg_zas.png","popupAnchor":[0,-30],"iconAnchor":[22,32],"iconSize":[44,33]},"serverType":"OGC","labelField":"NAME","info":"cjr_disabledorg","visible":false,"filter":"","tableName":"YLWS_HYGIENEORG","resource":"djxt_dzzgl1","auto":false,"title":"医疗机构","minZoom":14,"url":"gis/proxy.jsp?http://192.168.0.80:8080/geoserver/xichanganjie/ows","passStyle":{"iconUrl":"image/poi/tyzx_religiousorg_pass.png","popupAnchor":[0,-30],"iconAnchor":[22,32],"iconSize":[44,33]},"geoType":"point","maxZoom":17},"CJR_DISABLEDORG":{"isShow":false,"isDraw":false,"geom_field":"GEOM","crs":"EPSG3395","netSP":"http://www.bkvito.com/xichanganjie","nameSpace":"xichanganjie","defaultStyle":{"iconUrl":"image/poi/tyzx_religiousorg_zas.png","popupAnchor":[0,-30],"iconAnchor":[22,32],"iconSize":[44,33]},"serverType":"OGC","labelField":"NAME","info":"cjr_disabledorg","visible":false,"filter":"","tableName":"CJR_DISABLEDORG","resource":"djxt_dzzgl1","auto":false,"title":"残疾人服务机构","minZoom":14,"url":"gis/proxy.jsp?http://192.168.0.80:8080/geoserver/xichanganjie/ows","passStyle":{"iconUrl":"image/poi/tyzx_religiousorg_pass.png","popupAnchor":[0,-30],"iconAnchor":[22,32],"iconSize":[44,33]},"geoType":"point","maxZoom":17},"ZHZL_KEYAREAS":{"isShow":false,"isDraw":false,"geom_field":"GEOM","crs":"EPSG3395","netSP":"http://www.bkvito.com/xichanganjie","nameSpace":"xichanganjie","defaultStyle":{"fillColor":"#CD4F39","opacity":0.1,"fillOpacity":0},"serverType":"OGC","labelField":"NAME","info":"zhzl_keyareas","visible":false,"filter":"","tableName":"ZHZL_KEYAREAS","resource":"djxt_dzzgl1","auto":false,"title":"重点场所","minZoom":14,"url":"gis/proxy.jsp?http://192.168.0.80:8080/geoserver/xichanganjie/ows","passStyle":{"fillColor":"#000000","opacity":0.1,"fillOpacity":0},"geoType":"polygon","maxZoom":17},"ZHZL_KEYAREA":{"isShow":false,"geom_field":"GEOM","crs":"EPSG3395","netSP":"http://www.bkvito.com/xichanganjie","nameSpace":"xichanganjie","defaultStyle":{"fillColor":"#CD4F39","opacity":0.1,"fillOpacity":0},"serverType":"OGC","labelField":"NAME","info":"zhzl_keyarea","visible":false,"filter":"","tableName":"ZHZL_KEYAREA","resource":"djxt_dzzgl1","auto":false,"title":"重点区域","minZoom":14,"url":"gis/proxy.jsp?http://192.168.0.80:8080/geoserver/xichanganjie/ows","passStyle":{"fillColor":"#000000","opacity":0.1,"fillOpacity":0},"geoType":"polygon","maxZoom":17},"STANDING_BOOK":{"isShow":false,"geom_field":"GEOM","crs":"EPSG3395","netSP":"http://www.bkvito.com/xichanganjie","nameSpace":"xichanganjie","defaultStyle":{"fillColor":"#CD4F39","opacity":0.1,"fillOpacity":0},"serverType":"OGC","labelField":"NAME","info":"standing_book","visible":false,"filter":"","tableName":"STANDING_BOOK","resource":"djxt_dzzgl1","auto":false,"title":"案发地点","minZoom":14,"url":"gis/proxy.jsp?http://192.168.0.80:8080/geoserver/xichanganjie/ows","passStyle":{"fillColor":"#000000","opacity":0.1,"fillOpacity":0},"geoType":"polygon","maxZoom":17},"CASE_BKGD_INFO":{"isShow":false,"geom_field":"GEOM","crs":"EPSG3395","netSP":"http://www.bkvito.com/xichanganjie","nameSpace":"xichanganjie","defaultStyle":{"fillColor":"#CD4F39","opacity":0.1,"fillOpacity":0},"serverType":"OGC","labelField":"NAME","info":"case_bkgd_info","visible":false,"filter":"","tableName":"CASE_BKGD_INFO","resource":"djxt_dzzgl1","auto":false,"title":"案例区域","minZoom":14,"url":"gis/proxy.jsp?http://192.168.0.80:8080/geoserver/xichanganjie/ows","passStyle":{"fillColor":"#000000","opacity":0.1,"fillOpacity":0},"geoType":"polygon","maxZoom":17},"ZHZL_KEYPLACE":{"isShow":false,"geom_field":"GEOM","crs":"EPSG3395","netSP":"http://www.bkvito.com/xichanganjie","nameSpace":"xichanganjie","defaultStyle":{"fillColor":"#CD4F39","opacity":0.1,"fillOpacity":0},"serverType":"OGC","labelField":"NAME","info":"zhzl_keyplace","visible":false,"filter":"","tableName":"ZHZL_KEYPLACE","resource":"djxt_dzzgl1","auto":false,"title":"重点地名","minZoom":14,"url":"gis/proxy.jsp?http://192.168.0.80:8080/geoserver/xichanganjie/ows","passStyle":{"fillColor":"#000000","opacity":0.1,"fillOpacity":0},"geoType":"polygon","maxZoom":17},"ZHZL_KEYSECTIONS":{"isShow":false,"isDraw":false,"geom_field":"GEOM","crs":"EPSG3395","netSP":"http://www.bkvito.com/xichanganjie","nameSpace":"xichanganjie","defaultStyle":{"fillColor":"#CD4F39","opacity":0.1,"fillOpacity":0},"serverType":"OGC","labelField":"NAME","info":"zhzl_keysections","visible":false,"filter":"","tableName":"ZHZL_KEYSECTIONS","resource":"djxt_dzzgl1","auto":false,"title":"重点路段","minZoom":14,"url":"gis/proxy.jsp?http://192.168.0.80:8080/geoserver/xichanganjie/ows","passStyle":{"fillColor":"#000000","opacity":0.1,"fillOpacity":0},"geoType":"polygon","maxZoom":17},"ZHZL_MASSESTREATORG":{"isShow":false,"isDraw":false,"geom_field":"GEOM","crs":"EPSG3395","netSP":"http://www.bkvito.com/xichanganjie","nameSpace":"xichanganjie","defaultStyle":{"iconUrl":"image/poi/tyzx_religiousorg_zas.png","popupAnchor":[0,-30],"iconAnchor":[22,32],"iconSize":[44,33]},"serverType":"OGC","labelField":"NAME","info":"zhzl_massestreatorg","visible":false,"filter":"","tableName":"ZHZL_MASSESTREATORG","resource":"djxt_dzzgl1","auto":false,"title":"群防群治组织","minZoom":14,"url":"gis/proxy.jsp?http://192.168.0.80:8080/geoserver/xichanganjie/ows","passStyle":{"iconUrl":"image/poi/tyzx_religiousorg_pass.png","popupAnchor":[0,-30],"iconAnchor":[22,32],"iconSize":[44,33]},"geoType":"point","maxZoom":17},"TYZX_RELIGIOUSORG":{"isShow":false,"isDraw":false,"geom_field":"GEOM","crs":"EPSG3395","netSP":"http://www.bkvito.com/xichanganjie","nameSpace":"xichanganjie","defaultStyle":{"iconUrl":"image/poi/tyzx_religiousorg_zas.png","popupAnchor":[0,-30],"iconAnchor":[22,32],"iconSize":[44,33]},"serverType":"OGC","labelField":"NAME","info":"tyzx_religiousorg","visible":false,"filter":"","tableName":"TYZX_RELIGIOUSORG","resource":"djxt_dzzgl1","auto":false,"title":"宗教场所","minZoom":14,"url":"gis/proxy.jsp?http://192.168.0.80:8080/geoserver/xichanganjie/ows","passStyle":{"iconUrl":"image/poi/tyzx_religiousorg_pass.png","popupAnchor":[0,-30],"iconAnchor":[22,32],"iconSize":[44,33]},"geoType":"point","maxZoom":17},"D_COMMUNITYUNDERSPACEINFO":{"isShow":false,"isDraw":false,"geom_field":"GEOM","crs":"EPSG3395","netSP":"http://www.bkvito.com/xichanganjie","nameSpace":"xichanganjie","defaultStyle":{"fillColor":"#CD4F39","opacity":0.1,"fillOpacity":0},"serverType":"OGC","labelField":"NAME","info":"d_communityunderspaceinfo","visible":false,"filter":"","tableName":"D_COMMUNITYUNDERSPACEINFO","resource":"djxt_dzzgl1","auto":false,"title":"社区地下空间","minZoom":14,"url":"gis/proxy.jsp?http://192.168.0.80:8080/geoserver/xichanganjie/ows","passStyle":{"fillColor":"#000000","opacity":0.1,"fillOpacity":0},"geoType":"polygon","maxZoom":17},"dispute":{"isDraw":false,"serverType":"OGC","url":"gis/proxy.jsp?http://192.168.0.80:8080/geoserver/xichanganjie/ows","tableName":"DISPUTE_REPORT","nameSpace":"xichanganjie","info":"disputepanel","visible":false,"title":"事件上报","geoType":"point","resource":"djxt_dzzgl1","crs":"EPSG3395","maxZoom":18,"minZoom":10,"geom_field":"GEOM","netSP":"http://www.bkvito.com/xichanganjie","defaultStyle":{"iconUrl":"image/poi/default-dang.png","iconSize":[24,24],"iconAnchor":[12,24],"popupAnchor":[0,-30]},"passStyle":{"iconUrl":"image/poi/pass-dang.png","iconSize":[24,24],"iconAnchor":[12,24],"popupAnchor":[0,-30]},"filter":"","auto":false},"call":{"isDraw":false,"serverType":"OGC","url":"gis/proxy.jsp?http://192.168.0.80:8080/geoserver/xichanganjie/ows","tableName":"CALL_EVENT","nameSpace":"xichanganjie","info":"","visible":false,"title":"呼叫中心","geoType":"point","resource":"djxt_dzzgl1","crs":"EPSG3395","maxZoom":18,"minZoom":10,"geom_field":"GEOM","netSP":"http://www.bkvito.com/xichanganjie","defaultStyle":{"iconUrl":"image/poi/default-dang.png","iconSize":[24,24],"iconAnchor":[12,24],"popupAnchor":[0,-30]},"passStyle":{"iconUrl":"image/poi/pass-dang.png","iconSize":[24,24],"iconAnchor":[12,24],"popupAnchor":[0,-30]},"filter":"","auto":false},"DJ_PARTY":{"isShow":false,"isDraw":false,"geom_field":"GEOM","crs":"EPSG3395","netSP":"http://www.bkvito.com/xichanganjie","nameSpace":"xichanganjie","defaultStyle":{"iconUrl":"image/poi/tyzx_religiousorg_zas.png","popupAnchor":[0,-30],"iconAnchor":[22,32],"iconSize":[44,33]},"serverType":"OGC","labelField":"NAME","info":"dj_party","visible":false,"filter":"","tableName":"DJ_PARTY","resource":"djxt_dzzgl1","auto":false,"title":"党组织","minZoom":14,"url":"gis/proxy.jsp?http://192.168.0.80:8080/geoserver/xichanganjie/ows","passStyle":{"iconUrl":"image/poi/tyzx_religiousorg_pass.png","popupAnchor":[0,-30],"iconAnchor":[22,32],"iconSize":[44,33]},"geoType":"point","maxZoom":17},"LY_EVENTS":{"isShow":false,"isDraw":false,"geom_field":"GEOM","crs":"EPSG3395","netSP":"http://www.bkvito.com/xichanganjie","nameSpace":"xichanganjie","defaultStyle":{"iconUrl":"image/poi/tyzx_religiousorg_zas.png","popupAnchor":[0,-30],"iconAnchor":[22,32],"iconSize":[44,33]},"serverType":"OGC","labelField":"NAME","info":"ly_events","visible":false,"filter":"","tableName":"LY_EVENTS","resource":"djxt_dzzgl1","auto":false,"title":"节庆活动","minZoom":14,"url":"gis/proxy.jsp?http://192.168.0.80:8080/geoserver/xichanganjie/ows","passStyle":{"iconUrl":"image/poi/tyzx_religiousorg_pass.png","popupAnchor":[0,-30],"iconAnchor":[22,32],"iconSize":[44,33]},"geoType":"point","maxZoom":17},"WHFW_ACTIVITIESCENTER":{"isShow":false,"isDraw":false,"geom_field":"GEOM","crs":"EPSG3395","netSP":"http://www.bkvito.com/xichanganjie","nameSpace":"xichanganjie","defaultStyle":{"iconUrl":"image/poi/tyzx_religiousorg_zas.png","popupAnchor":[0,-30],"iconAnchor":[22,32],"iconSize":[44,33]},"serverType":"OGC","labelField":"NAME","info":"whfw_activitiescenter","visible":false,"filter":"","tableName":"WHFW_ACTIVITIESCENTER","resource":"djxt_dzzgl1","auto":false,"title":"文体活动中心","minZoom":14,"url":"gis/proxy.jsp?http://192.168.0.80:8080/geoserver/xichanganjie/ows","passStyle":{"iconUrl":"image/poi/tyzx_religiousorg_pass.png","popupAnchor":[0,-30],"iconAnchor":[22,32],"iconSize":[44,33]},"geoType":"point","maxZoom":17},"LY_SCENICSPOT":{"isShow":false,"isDraw":false,"geom_field":"GEOM","crs":"EPSG3395","netSP":"http://www.bkvito.com/xichanganjie","nameSpace":"xichanganjie","defaultStyle":{"fillColor":"#CD4F39","opacity":0.1,"fillOpacity":0},"serverType":"OGC","labelField":"NAME","info":"ly_scenicspot","visible":false,"filter":"","tableName":"LY_SCENICSPOT","resource":"djxt_dzzgl1","auto":false,"title":"旅游景点","minZoom":14,"url":"gis/proxy.jsp?http://192.168.0.80:8080/geoserver/xichanganjie/ows","passStyle":{"fillColor":"#000000","opacity":0.1,"fillOpacity":0},"geoType":"polygon","maxZoom":17},"D_VIDEOMONITOR":{"isShow":false,"isDraw":false,"geom_field":"GEOM","crs":"EPSG3395","netSP":"http://www.bkvito.com/xichanganjie","nameSpace":"xichanganjie","defaultStyle":{"iconUrl":"image/poi/tyzx_religiousorg_zas.png","popupAnchor":[0,-30],"iconAnchor":[22,32],"iconSize":[44,33]},"serverType":"OGC","labelField":"NAME","info":"d_videomonitor","visible":false,"filter":"","tableName":"D_VIDEOMONITOR","resource":"djxt_dzzgl1","auto":false,"title":"视频监控","minZoom":14,"url":"gis/proxy.jsp?http://192.168.0.80:8080/geoserver/xichanganjie/ows","passStyle":{"iconUrl":"image/poi/tyzx_religiousorg_pass.png","popupAnchor":[0,-30],"iconAnchor":[22,32],"iconSize":[44,33]},"geoType":"point","maxZoom":17},"DJ_NEWPUBLICSCHOOL":{"isShow":false,"isDraw":false,"geom_field":"GEOM","crs":"EPSG3395","netSP":"http://www.bkvito.com/xichanganjie","nameSpace":"xichanganjie","defaultStyle":{"iconUrl":"image/poi/tyzx_religiousorg_zas.png","popupAnchor":[0,-30],"iconAnchor":[22,32],"iconSize":[44,33]},"serverType":"OGC","labelField":"NAME","info":"dj_newpublicschool","visible":false,"filter":"","tableName":"DJ_NEWPUBLICSCHOOL","resource":"djxt_dzzgl1","auto":false,"title":"新型市民学校","minZoom":14,"url":"gis/proxy.jsp?http://192.168.0.80:8080/geoserver/xichanganjie/ows","passStyle":{"iconUrl":"image/poi/tyzx_religiousorg_pass.png","popupAnchor":[0,-30],"iconAnchor":[22,32],"iconSize":[44,33]},"geoType":"point","maxZoom":17},"DISPUTE_REPORT":{"isShow":false,"isDraw":false,"geom_field":"GEOM","crs":"EPSG3395","netSP":"http://www.bkvito.com/xichanganjie","nameSpace":"xichanganjie","defaultStyle":{"iconUrl":"image/poi/tyzx_religiousorg_zas.png","popupAnchor":[0,-30],"iconAnchor":[22,32],"iconSize":[44,33]},"serverType":"OGC","labelField":"NAME","info":"dispute_report","visible":false,"filter":"","tableName":"DISPUTE_REPORT","resource":"djxt_dzzgl1","auto":false,"title":"网格化","minZoom":14,"url":"gis/proxy.jsp?http://192.168.0.80:8080/geoserver/xichanganjie/ows","passStyle":{"iconUrl":"image/poi/tyzx_religiousorg_pass.png","popupAnchor":[0,-30],"iconAnchor":[22,32],"iconSize":[44,33]},"geoType":"point","maxZoom":17},"CT_WATERFACILITIES":{"isShow":false,"isDraw":false,"geom_field":"GEOM","crs":"EPSG3395","netSP":"http://www.bkvito.com/xichanganjie","nameSpace":"xichanganjie","defaultStyle":{"iconUrl":"image/poi/tyzx_religiousorg_zas.png","popupAnchor":[0,-30],"iconAnchor":[22,32],"iconSize":[44,33]},"serverType":"OGC","labelField":"NAME","info":"ct_waterfacilities","visible":false,"filter":"","tableName":"CT_WATERFACILITIES","resource":"djxt_dzzgl1","auto":false,"title":"农田水利设施","minZoom":14,"url":"gis/proxy.jsp?http://192.168.0.80:8080/geoserver/xichanganjie/ows","passStyle":{"iconUrl":"image/poi/tyzx_religiousorg_pass.png","popupAnchor":[0,-30],"iconAnchor":[22,32],"iconSize":[44,33]},"geoType":"point","maxZoom":17},"CT_WATERSOURCE":{"isShow":false,"isDraw":false,"geom_field":"GEOM","crs":"EPSG3395","netSP":"http://www.bkvito.com/xichanganjie","nameSpace":"xichanganjie","defaultStyle":{"iconUrl":"image/poi/tyzx_religiousorg_zas.png","popupAnchor":[0,-30],"iconAnchor":[22,32],"iconSize":[44,33]},"serverType":"OGC","labelField":"NAME","info":"ct_watersource","visible":false,"filter":"","tableName":"CT_WATERSOURCE","resource":"djxt_dzzgl1","auto":false,"title":"农村水源点","minZoom":14,"url":"gis/proxy.jsp?http://192.168.0.80:8080/geoserver/xichanganjie/ows","passStyle":{"iconUrl":"image/poi/tyzx_religiousorg_pass.png","popupAnchor":[0,-30],"iconAnchor":[22,32],"iconSize":[44,33]},"geoType":"point","maxZoom":17},"CT_IRRIGATIONAREA":{"isShow":false,"isDraw":false,"geom_field":"GEOM","crs":"EPSG3395","netSP":"http://www.bkvito.com/xichanganjie","nameSpace":"xichanganjie","defaultStyle":{"fillColor":"#CD4F39","opacity":0.1,"fillOpacity":0},"serverType":"OGC","labelField":"NAME","info":"ct_irrigationarea","visible":false,"filter":"","tableName":"CT_IRRIGATIONAREA","resource":"djxt_dzzgl1","auto":false,"title":"灌区信息","minZoom":14,"url":"gis/proxy.jsp?http://192.168.0.80:8080/geoserver/xichanganjie/ows","passStyle":{"fillColor":"#000000","opacity":0.1,"fillOpacity":0},"geoType":"polygon","maxZoom":17},"CT_UNCULTIVATEDLAND":{"isShow":false,"isDraw":false,"geom_field":"GEOM","crs":"EPSG3395","netSP":"http://www.bkvito.com/xichanganjie","nameSpace":"xichanganjie","defaultStyle":{"fillColor":"#CD4F39","opacity":0.1,"fillOpacity":0},"serverType":"OGC","labelField":"NAME","info":"ct_uncultivatedland","visible":false,"filter":"","tableName":"CT_UNCULTIVATEDLAND","resource":"djxt_dzzgl1","auto":false,"title":"土地信息","minZoom":14,"url":"gis/proxy.jsp?http://192.168.0.80:8080/geoserver/xichanganjie/ows","passStyle":{"fillColor":"#000000","opacity":0.1,"fillOpacity":0},"geoType":"polygon","maxZoom":17},"CT_FERRY":{"isShow":false,"isDraw":false,"geom_field":"GEOM","crs":"EPSG3395","netSP":"http://www.bkvito.com/xichanganjie","nameSpace":"xichanganjie","defaultStyle":{"iconUrl":"image/poi/tyzx_religiousorg_zas.png","popupAnchor":[0,-30],"iconAnchor":[22,32],"iconSize":[44,33]},"serverType":"OGC","labelField":"NAME","info":"ct_ferry","visible":false,"filter":"","tableName":"CT_FERRY","resource":"djxt_dzzgl1","auto":false,"title":"渡口信息","minZoom":14,"url":"gis/proxy.jsp?http://192.168.0.80:8080/geoserver/xichanganjie/ows","passStyle":{"iconUrl":"image/poi/tyzx_religiousorg_pass.png","popupAnchor":[0,-30],"iconAnchor":[22,32],"iconSize":[44,33]},"geoType":"point","maxZoom":17},"CT_BRIDGE":{"isShow":false,"isDraw":false,"geom_field":"GEOM","crs":"EPSG3395","netSP":"http://www.bkvito.com/xichanganjie","nameSpace":"xichanganjie","defaultStyle":{"iconUrl":"image/poi/tyzx_religiousorg_zas.png","popupAnchor":[0,-30],"iconAnchor":[22,32],"iconSize":[44,33]},"serverType":"OGC","labelField":"NAME","info":"ct_bridge","visible":false,"filter":"","tableName":"CT_BRIDGE","resource":"djxt_dzzgl1","auto":false,"title":"桥梁信息","minZoom":14,"url":"gis/proxy.jsp?http://192.168.0.80:8080/geoserver/xichanganjie/ows","passStyle":{"iconUrl":"image/poi/tyzx_religiousorg_pass.png","popupAnchor":[0,-30],"iconAnchor":[22,32],"iconSize":[44,33]},"geoType":"point","maxZoom":17},"ECS_COMP_LIBRARY":{"isShow":false,"isDraw":false,"geom_field":"GEOM","crs":"EPSG3395","netSP":"http://www.bkvito.com/xichanganjie","nameSpace":"xichanganjie","defaultStyle":{"iconUrl":"image/poi/tyzx_religiousorg_zas.png","popupAnchor":[0,-30],"iconAnchor":[22,32],"iconSize":[44,33]},"serverType":"OGC","labelField":"NAME","info":"ecs_comp_library","visible":false,"filter":"","tableName":"ECS_COMP_LIBRARY","resource":"djxt_dzzgl1","auto":false,"title":"隧道信息","minZoom":14,"url":"gis/proxy.jsp?http://192.168.0.80:8080/geoserver/xichanganjie/ows","passStyle":{"iconUrl":"image/poi/tyzx_religiousorg_pass.png","popupAnchor":[0,-30],"iconAnchor":[22,32],"iconSize":[44,33]},"geoType":"point","maxZoom":17},"CT_TUNNEL":{"isShow":false,"isDraw":false,"geom_field":"GEOM","crs":"EPSG3395","netSP":"http://www.bkvito.com/xichanganjie","nameSpace":"xichanganjie","defaultStyle":{"iconUrl":"image/poi/tyzx_religiousorg_zas.png","popupAnchor":[0,-30],"iconAnchor":[22,32],"iconSize":[44,33]},"serverType":"OGC","labelField":"NAME","info":"ct_tunnel","visible":false,"filter":"","tableName":"CT_TUNNEL","resource":"djxt_dzzgl1","auto":false,"title":"隧道信息","minZoom":14,"url":"gis/proxy.jsp?http://192.168.0.80:8080/geoserver/xichanganjie/ows","passStyle":{"iconUrl":"image/poi/tyzx_religiousorg_pass.png","popupAnchor":[0,-30],"iconAnchor":[22,32],"iconSize":[44,33]},"geoType":"point","maxZoom":17},"CT_ROAD":{"isShow":false,"isDraw":false,"geom_field":"GEOM","crs":"EPSG3395","netSP":"http://www.bkvito.com/xichanganjie","nameSpace":"xichanganjie","defaultStyle":{"iconUrl":"image/poi/tyzx_religiousorg_zas.png","popupAnchor":[0,-30],"iconAnchor":[22,32],"iconSize":[44,33]},"serverType":"OGC","labelField":"NAME","info":"ct_road","visible":false,"filter":"","tableName":"CT_ROAD","resource":"djxt_dzzgl1","auto":false,"title":"道路信息","minZoom":14,"url":"gis/proxy.jsp?http://192.168.0.80:8080/geoserver/xichanganjie/ows","passStyle":{"iconUrl":"image/poi/tyzx_religiousorg_pass.png","popupAnchor":[0,-30],"iconAnchor":[22,32],"iconSize":[44,33]},"geoType":"point","maxZoom":17},"NR_NATIONALRELIGIONORG":{"isShow":true,"isDraw":true,"geom_field":"GEOM","crs":"EPSG3395","netSP":"http://www.bkvito.com/xichanganjie","nameSpace":"xichanganjie","defaultStyle":{"iconUrl":"image/poi/tyzx_religiousorg_zas.png","popupAnchor":[0,-30],"iconAnchor":[22,32],"iconSize":[44,33]},"serverType":"OGC","labelField":"NAME","info":"nr_nationalreligionorg","visible":false,"filter":"","tableName":"NR_NATIONALRELIGIONORG","resource":"djxt_dzzgl1","auto":false,"title":"民宗局","minZoom":12,"url":"gis/proxy.jsp?http://192.168.0.80:8080/geoserver/dy/ows","passStyle":{"iconUrl":"image/poi/tyzx_religiousorg_pass.png","popupAnchor":[0,-30],"iconAnchor":[22,32],"iconSize":[44,33]},"geoType":"point","maxZoom":18},"NR_RELIGIOUSPLACE":{"isShow":true,"isDraw":true,"geom_field":"GEOM","crs":"EPSG3395","netSP":"http://www.bkvito.com/xichanganjie","nameSpace":"xichanganjie","defaultStyle":{"iconUrl":"image/poi/tyzx_religiousorg_zas.png","popupAnchor":[0,-30],"iconAnchor":[22,32],"iconSize":[44,33]},"serverType":"OGC","labelField":"NAME","info":"nr_religiousplace","visible":false,"filter":"","tableName":"NR_RELIGIOUSPLACE","resource":"djxt_dzzgl1","auto":false,"title":"民宗场所","minZoom":12,"url":"gis/proxy.jsp?http://192.168.0.80:8080/geoserver/dy/ows","passStyle":{"iconUrl":"image/poi/tyzx_religiousorg_pass.png","popupAnchor":[0,-30],"iconAnchor":[22,32],"iconSize":[44,33]},"geoType":"point","maxZoom":18},"NR_NATIONALENTERPRISE":{"isShow":false,"isDraw":true,"geom_field":"GEOM","crs":"EPSG3395","netSP":"http://www.bkvito.com/xichanganjie","nameSpace":"xichanganjie","defaultStyle":{"iconUrl":"image/poi/tyzx_religiousorg_zas.png","popupAnchor":[0,-30],"iconAnchor":[22,32],"iconSize":[44,33]},"serverType":"OGC","labelField":"NAME","info":"nr_nationalenterprise","visible":false,"filter":"","tableName":"NR_NATIONALENTERPRISE","resource":"djxt_dzzgl1","auto":false,"title":"民宗企业","minZoom":12,"url":"gis/proxy.jsp?http://192.168.0.80:8080/geoserver/dy/ows","passStyle":{"iconUrl":"image/poi/tyzx_religiousorg_pass.png","popupAnchor":[0,-30],"iconAnchor":[22,32],"iconSize":[44,33]},"geoType":"point","maxZoom":18},"NR_NATIONALEDUCATION":{"isShow":false,"isDraw":true,"geom_field":"GEOM","crs":"EPSG3395","netSP":"http://www.bkvito.com/xichanganjie","nameSpace":"xichanganjie","defaultStyle":{"iconUrl":"image/poi/tyzx_religiousorg_zas.png","popupAnchor":[0,-30],"iconAnchor":[22,32],"iconSize":[44,33]},"serverType":"OGC","labelField":"NAME","info":"nr_nationaleducation","visible":false,"filter":"","tableName":"NR_NATIONALEDUCATION","resource":"djxt_dzzgl1","auto":false,"title":"民族教育","minZoom":12,"url":"gis/proxy.jsp?http://192.168.0.80:8080/geoserver/dy/ows","passStyle":{"iconUrl":"image/poi/tyzx_religiousorg_pass.png","popupAnchor":[0,-30],"iconAnchor":[22,32],"iconSize":[44,33]},"geoType":"point","maxZoom":18},"NR_RELIGIOUSGROUP":{"isShow":false,"isDraw":true,"geom_field":"GEOM","crs":"EPSG3395","netSP":"http://www.bkvito.com/xichanganjie","nameSpace":"xichanganjie","defaultStyle":{"iconUrl":"image/poi/tyzx_religiousorg_zas.png","popupAnchor":[0,-30],"iconAnchor":[22,32],"iconSize":[44,33]},"serverType":"OGC","labelField":"NAME","info":"nr_religiousgroup","visible":false,"filter":"","tableName":"NR_RELIGIOUSGROUP","resource":"djxt_dzzgl1","auto":false,"title":"民教团体","minZoom":12,"url":"gis/proxy.jsp?http://192.168.0.80:8080/geoserver/dy/ows","passStyle":{"iconUrl":"image/poi/tyzx_religiousorg_pass.png","popupAnchor":[0,-30],"iconAnchor":[22,32],"iconSize":[44,33]},"geoType":"point","maxZoom":18},"C_ACTIVITY":{"isShow":false,"geom_field":"GEOM","crs":"EPSG3395","netSP":"http://www.bkvito.com/xichanganjie","nameSpace":"xichanganjie","defaultStyle":{"iconUrl":"image/poi/zhzl_keyareas_def.png","popupAnchor":[0,-30],"iconAnchor":[22,32],"iconSize":[44,33]},"serverType":"OGC","labelField":"NAME","info":"c_activity","visible":false,"filter":"","tableName":"C_ACTIVITY","resource":"djxt_dzzgl1","auto":false,"title":"两代表一委员","minZoom":14,"url":"gis/proxy.jsp?http://192.168.0.80:8080/geoserver/xichanganjie/ows","passStyle":{"iconUrl":"image/poi/zhzl_keyareas_pass.png","popupAnchor":[0,-30],"iconAnchor":[22,32],"iconSize":[44,33]},"geoType":"point","maxZoom":17},"DJ_GeneralActivity":{"isShow":true,"serverType":"OGC","labelField":"NAME","url":"gis/proxy.jsp?http://192.168.0.80:8080/geoserver/dy/ows","tableName":"dj_generalactivity","nameSpace":"xichanganjie","info":"DJ_GeneralActivity","visible":false,"title":"组织活动","geoType":"point","crs":"EPSG3395","defaultZoom":13,"maxZoom":18,"minZoom":10,"geom_field":"GEOM","netSP":"http://www.bkvito.com/xichanganjie","defaultStyle":{"iconUrl":"../view3/image/poi/pass-DJ_Organizationwork.png","iconSize":[44,33],"iconAnchor":[22,32],"popupAnchor":[0,-30]},"passStyle":{"iconUrl":"../view3/image/poi/pass-DJ_Organizationwork.png","iconSize":[44,33],"iconAnchor":[22,32],"popupAnchor":[0,-30]},"filter":"","auto":false},"DJ_Party":{"isShow":true,"serverType":"OGC","labelField":"NAME","url":"gis/proxy.jsp?http://192.168.0.80:8080/geoserver/dy/ows","tableName":"dj_party","nameSpace":"xichanganjie","info":"DJ_Party","visible":false,"title":"党组织(服务平台)","geoType":"point","crs":"EPSG3395","defaultZoom":13,"maxZoom":18,"minZoom":10,"geom_field":"GEOM","netSP":"http://www.bkvito.com/xichanganjie","defaultStyle":{"iconUrl":"../view3/image/poi/default-dang.png","iconSize":[44,33],"iconAnchor":[22,32],"popupAnchor":[0,-30]},"passStyle":{"iconUrl":"../view3/image/poi/pass-dang.png","iconSize":[44,33],"iconAnchor":[22,32],"popupAnchor":[0,-30]},"filter":"","auto":false},"DJ_NewPublicSchool":{"isShow":true,"serverType":"OGC","labelField":"NAME","url":"gis/proxy.jsp?http://192.168.0.80:8080/geoserver/dy/ows","tableName":"dj_newpublicschool","nameSpace":"xichanganjie","info":"DJ_NewPublicSchool","visible":false,"title":"学校","geoType":"point","crs":"EPSG3395","defaultZoom":13,"maxZoom":18,"minZoom":10,"geom_field":"GEOM","netSP":"http://www.bkvito.com/xichanganjie","defaultStyle":{"iconUrl":"../view3/image/poi/pass-xxsmxx.png","iconSize":[44,33],"iconAnchor":[22,32],"popupAnchor":[0,-30]},"passStyle":{"iconUrl":"../view3/image/poi/pass-xxsmxx.png","iconSize":[44,33],"iconAnchor":[22,32],"popupAnchor":[0,-30]},"filter":"","auto":false},"Activity_Base":{"isShow":false,"geom_field":"GEOM","crs":"EPSG3395","netSP":"http://www.bkvito.com/xichanganjie","nameSpace":"xichanganjie","defaultStyle":{"iconUrl":"image/poi/zhzl_keyareas_def.png","popupAnchor":[0,-30],"iconAnchor":[22,32],"iconSize":[44,33]},"serverType":"OGC","labelField":"NAME","info":"","visible":false,"filter":"","tableName":"activity_base","resource":"djxt_dzzgl1","auto":false,"title":"活动","minZoom":14,"url":"gis/proxy.jsp?http://192.168.0.80:8080/geoserver/xichanganjie/ows","passStyle":{"iconUrl":"image/poi/zhzl_keyareas_pass.png","popupAnchor":[0,-30],"iconAnchor":[22,32],"iconSize":[44,33]},"geoType":"point","maxZoom":17},"WHFW_SQUARE":{"isShow":false,"isDraw":false,"geom_field":"GEOM","crs":"EPSG3395","netSP":"http://www.bkvito.com/xichanganjie","nameSpace":"xichanganjie","defaultStyle":{"fillColor":"#CD4F39","opacity":0.1,"fillOpacity":0},"serverType":"OGC","labelField":"NAME","info":"whfw_square","visible":false,"filter":"","tableName":"WHFW_SQUARE","resource":"djxt_dzzgl1","auto":false,"title":"文化广场","minZoom":14,"url":"gis/proxy.jsp?http://192.168.0.80:8080/geoserver/xichanganjie/ows","passStyle":{"fillColor":"#000000","opacity":0.1,"fillOpacity":0},"geoType":"point","maxZoom":17},"ZHZL_PROJECTBOOK":{"isShow":false,"isDraw":false,"geom_field":"GEOM","crs":"EPSG3395","netSP":"http://www.bkvito.com/xichanganjie","nameSpace":"xichanganjie","defaultStyle":{"iconUrl":"image/poi/tyzx_religiousorg_zas.png","popupAnchor":[0,-30],"iconAnchor":[22,32],"iconSize":[44,33]},"serverType":"OGC","labelField":"NAME","info":"zhzl_projectbook","visible":false,"filter":"","tableName":"ZHZL_PROJECTBOOK","resource":"djxt_dzzgl1","auto":false,"title":"项目管理台帐","minZoom":14,"url":"gis/proxy.jsp?http://192.168.0.80:8080/geoserver/xichanganjie/ows","passStyle":{"iconUrl":"image/poi/tyzx_religiousorg_pass.png","popupAnchor":[0,-30],"iconAnchor":[22,32],"iconSize":[44,33]},"geoType":"point","maxZoom":17}},"widgetsConfig":{"CircleViewWidget":{"id":"CircleViewWidget","widgetUrl":"widgets/CircleViewWidget/CircleVIewWidget.js","widgetConf":"widgets/CircleViewWidget/CircleViewConf.json","isUse":true,"title":"圆形视图插件"},"Overview":{"id":"Overview","widgetUrl":"widgets/Overview/Overview.js","widgetConf":"widgets/Overview/OverviewConf.json","widgetCSS":"widgets/Overview/Overview.css","isUse":false,"title":"鹰眼视图插件"},"Tools":{"id":"Tools","widgetUrl":"widgets/Tools/Tools.js","widgetConf":"widgets/Tools/ToolsConf.json","isUse":true,"title":"工具插件"},"Transform":{"id":"Transform","widgetUrl":"widgets/Transform/Transform.js","widgetConf":"widgets/Transform/TransformConf.json","isUse":true,"title":"坐标转换插件"},"AreaAnalysis":{"id":"AreaAnalysis","widgetUrl":"widgets/AreaAnalysis/AreaAnalysis.js","widgetConf":"widgets/AreaAnalysis/AreaAnalysis.json","isUse":true,"title":"区域分析插件"},"RoutePlayer":{"id":"RoutePlayer","widgetUrl":"widgets/RoutePlayer/RoutePlayer.js","widgetConf":"widgets/RoutePlayer/RoutePlayerConf.json","widgetCSS":"widgets/RoutePlayer/RoutePlayer.css","isUse":true,"title":"路线记录插件"},"ShowCoordinatePoint":{"id":"ShowCoordinatePoint","widgetUrl":"widgets/ShowCoordinatePoint/ShowCoordinatePoint.js","widgetConf":"widgets/ShowCoordinatePoint/ShowCoordinatePoint.json","widgetCSS":"widgets/ShowCoordinatePoint/ShowCoordinatePoint.css","isUse":true,"title":"显示经纬度"},"Jiejing":{"id":"Jiejing","widgetUrl":"widgets/Jiejing/Jiejing.js","widgetConf":"widgets/Jiejing/JiejingConf.json","isUse":true,"title":"街景"},"HeatMap":{"id":"HeatMap","widgetUrl":"widgets/HeatMap/HeatMap.js","widgetConf":"widgets/HeatMap/HeatMap.json","isUse":true,"title":"热力图"}},"divConfig":{"ecs_comp_library":{"passPage":{"title":"{title}","url":"../../common/mapPanel/commonPanel.html","width":400,"height":300,"panelFrame":"../../common/mapPanel/panelFrame/frame_default.html"},"defaultPage":{"url":"../../common/mapPanel/addCoordinate.html","width":400,"height":350,"panelFrame":"../../common/mapPanel/panelFrame/frame_default.html"},"editPage":{"url":"../../common/mapPanel/addCoordinate.html","width":400,"height":350,"panelFrame":"../../common/mapPanel/panelFrame/frame_default.html"}},"ct_ferry":{"passPage":{"title":"{title}","url":"../../common/mapPanel/commonPanel.html","width":400,"height":300,"panelFrame":"../../common/mapPanel/panelFrame/frame_default.html"},"defaultPage":{"url":"../../common/mapPanel/commonPanel.html","width":400,"height":350,"panelFrame":"../../common/mapPanel/panelFrame/frame_default.html"},"editPage":{"url":"../../common/mapPanel/addCoordinate.html","width":400,"height":350,"panelFrame":"../../common/mapPanel/panelFrame/frame_default.html"}},"ct_bridge":{"passPage":{"title":"{title}","url":"../../common/mapPanel/commonPanel.html","width":400,"height":300,"panelFrame":"../../common/mapPanel/panelFrame/frame_default.html"},"defaultPage":{"url":"../../common/mapPanel/commonPanel.html","width":400,"height":350,"panelFrame":"../../common/mapPanel/panelFrame/frame_default.html"},"editPage":{"url":"../../common/mapPanel/addCoordinate.html","width":400,"height":350,"panelFrame":"../../common/mapPanel/panelFrame/frame_default.html"}},"ct_uncultivatedland":{"title":"CT_UNCULTIVATEDLAND","passPage":{"title":"{title}","url":"../../common/mapPanel/commonPanel.html","width":450,"height":400,"panelFrame":"../../common/mapPanel/panelFrame/frame_default.html"},"defaultPage":{"url":"../../common/mapPanel/addCoordinate.html","width":400,"height":350,"panelFrame":"../../common/mapPanel/panelFrame/frame_default.html"},"editPage":{"url":"../../common/mapPanel/addCoordinate.html","width":400,"height":350,"panelFrame":"../../common/mapPanel/panelFrame/frame_default.html"}},"ct_tunnel":{"passPage":{"title":"{title}","url":"../../common/mapPanel/commonPanel.html","width":400,"height":300,"panelFrame":"../../common/mapPanel/panelFrame/frame_default.html"},"defaultPage":{"url":"../../common/mapPanel/commonPanel.html","width":400,"height":350,"panelFrame":"../../common/mapPanel/panelFrame/frame_default.html"},"editPage":{"url":"../../common/mapPanel/addCoordinate.html","width":400,"height":350,"panelFrame":"../../common/mapPanel/panelFrame/frame_default.html"}},"ct_road":{"passPage":{"title":"{title}","url":"../../common/mapPanel/commonPanel.html","width":400,"height":300,"panelFrame":"../../common/mapPanel/panelFrame/frame_default.html"},"defaultPage":{"url":"../../common/mapPanel/commonPanel.html","width":400,"height":350,"panelFrame":"../../common/mapPanel/panelFrame/frame_default.html"},"editPage":{"url":"../../common/mapPanel/addCoordinate.html","width":400,"height":350,"panelFrame":"../../common/mapPanel/panelFrame/frame_default.html"}},"ct_watersource":{"passPage":{"title":"{title}","url":"../../common/mapPanel/commonPanel.html","width":380,"height":290,"panelFrame":"../../common/mapPanel/panelFrame/frame_default.html"},"defaultPage":{"url":"../../common/mapPanel/addCoordinate.html","width":400,"height":350,"panelFrame":"../../common/mapPanel/panelFrame/frame_default.html"},"editPage":{"url":"../../common/mapPanel/addCoordinate.html","width":400,"height":350,"panelFrame":"../../common/mapPanel/panelFrame/frame_default.html"}},"d_communityunderspaceinfo":{"title":"D_COMMUNITYUNDERSPACEINFO","passPage":{"title":"{title}","url":"../../common/mapPanel/commonPanel.html","width":450,"height":400,"panelFrame":"../../common/mapPanel/panelFrame/frame_default.html"},"defaultPage":{"url":"../../common/mapPanel/addCoordinate.html","width":400,"height":350,"panelFrame":"../../common/mapPanel/panelFrame/frame_default.html"},"editPage":{"url":"../../common/mapPanel/addCoordinate.html","width":400,"height":350,"panelFrame":"../../common/mapPanel/panelFrame/frame_default.html"}},"DrawPanel":{"title":"绘制面板","passPage":{"url":"../../common/mapPanel/addCoordinate.html","width":400,"height":350,"panelFrame":"../../common/mapPanel/panelFrame/frame_default.html"},"defaultPage":{"url":"../../common/mapPanel/addCoordinate.html","width":400,"height":350,"panelFrame":"../../common/mapPanel/panelFrame/frame_default.html"},"editPage":{"url":"../../common/mapPanel/addCoordinate.html","width":400,"height":350,"panelFrame":"../../common/mapPanel/panelFrame/frame_default.html"}},"r_people":{"title":"人员面板","defaultPage":{"title":"{title}","url":"../../common/mapPanel/peoplePanel.html","width":450,"height":400,"panelFrame":"../../common/mapPanel/panelFrame/frame_default.html"},"passPage":{"url":"../../common/mapPanel/peoplePanel.html","width":450,"height":400,"panelFrame":"../../common/mapPanel/panelFrame/frame_default.html"}},"zz_corp":{"title":"法人面板","defaultPage":{"title":"{title}","url":"../../common/mapPanel/corpPanel.html","width":450,"height":400,"panelFrame":"../../common/mapPanel/panelFrame/frame_default.html"},"passPage":{"url":"../../common/mapPanel/corpPanel.html","width":450,"height":400,"panelFrame":"../../common/mapPanel/panelFrame/frame_default.html"}},"xzqpanle":{"title":"行政区面板","passPage":{"url":"../../common/mapPanel/xzqyPanel.html","width":450,"height":400,"panelFrame":"../../common/mapPanel/panelFrame/frame_default.html"},"defaultPage":{"url":"../../common/mapPanel/addCoordinate.html","width":400,"height":350,"panelFrame":"../../common/mapPanel/panelFrame/frame_default.html"},"editPage":{"url":"../../common/mapPanel/addCoordinate.html","width":400,"height":350,"panelFrame":"../../common/mapPanel/panelFrame/frame_default.html"}},"eventinfo":{"title":"事件面板","passPage":{"url":"../../common/mapPanel/dispute_reportPanel.html","width":450,"height":400,"panelFrame":"../../common/mapPanel/panelFrame/frame_default.html"},"defaultPage":{"url":"../../common/mapPanel/addCoordinate.html","width":400,"height":350,"panelFrame":"../../common/mapPanel/panelFrame/frame_default.html"},"editPage":{"url":"../../common/mapPanel/addCoordinate.html","width":400,"height":350,"panelFrame":"../../common/mapPanel/panelFrame/frame_default.html"}},"dj_party":{"title":"DJ_Party","passPage":{"url":"../../common/mapPanel/partyPanel.html","width":380,"height":300,"panelFrame":"../../common/mapPanel/panelFrame/frame_default.html"},"defaultPage":{"url":"../../common/mapPanel/addCoordinate.html","width":400,"height":350,"panelFrame":"../../common/mapPanel/panelFrame/frame_default.html"},"editPage":{"url":"../../common/mapPanel/addCoordinate.html","width":400,"height":350,"panelFrame":"../../common/mapPanel/panelFrame/frame_default.html"}},"dj_organizationwork":{"title":"DJ_Organizationwork","passPage":{"url":"../../common/mapPanel/organizationworkPanel.html","width":450,"height":400,"panelFrame":"../../common/mapPanel/panelFrame/frame_default.html"},"defaultPage":{"url":"../../common/mapPanel/addCoordinate.html","width":400,"height":350,"panelFrame":"../../common/mapPanel/panelFrame/frame_default.html"},"editPage":{"url":"../../common/mapPanel/addCoordinate.html","width":400,"height":350,"panelFrame":"../../common/mapPanel/panelFrame/frame_default.html"}},"dj_volunteerservice":{"title":"DJ_VolunteerService","passPage":{"url":"../../common/mapPanel/volunteerPanel.html","width":450,"height":400,"panelFrame":"../../common/mapPanel/panelFrame/frame_default.html"},"defaultPage":{"url":"../../common/mapPanel/addCoordinate.html","width":400,"height":350,"panelFrame":"../../common/mapPanel/panelFrame/frame_default.html"},"editPage":{"url":"../../common/mapPanel/addCoordinate.html","width":400,"height":350,"panelFrame":"../../common/mapPanel/panelFrame/frame_default.html"}},"dj_activitywish":{"title":"DJ_ActivityWish","passPage":{"url":"../../common/mapPanel/activityWishPanel.html","width":450,"height":400,"panelFrame":"../../common/mapPanel/panelFrame/frame_default.html"},"defaultPage":{"url":"../../common/mapPanel/addCoordinate.html","width":400,"height":350,"panelFrame":"../../common/mapPanel/panelFrame/frame_default.html"},"editPage":{"url":"../../common/mapPanel/addCoordinate.html","width":400,"height":350,"panelFrame":"../../common/mapPanel/panelFrame/frame_default.html"}},"base_org_view":{"title":"Base_Org","passPage":{"title":"{ORGNAME}","url":"../../common/mapPanel/xzqyPanel.html","width":450,"height":400,"panelFrame":"../../common/mapPanel/panelFrame/frame_default.html"},"defaultPage":{"url":"../../common/mapPanel/addCoordinate.html","width":400,"height":350,"panelFrame":"../../common/mapPanel/panelFrame/frame_default.html"},"editPage":{"url":"../../common/mapPanel/addCoordinate.html","width":400,"height":350,"panelFrame":"../../common/mapPanel/panelFrame/frame_default.html"}},"base_org":{"title":"Base_Org","passPage":{"title":"{title}","url":"../../common/mapPanel/xzqyPanel.html","width":450,"height":400,"panelFrame":"../../common/mapPanel/panelFrame/frame_default.html"},"defaultPage":{"url":"../../common/mapPanel/addCoordinate.html","width":400,"height":350,"panelFrame":"../../common/mapPanel/panelFrame/frame_default.html"},"editPage":{"url":"../../common/mapPanel/addCoordinate.html","width":400,"height":350,"panelFrame":"../../common/mapPanel/panelFrame/frame_default.html"}},"cjr_disabledorg":{"title":"CJR_DISABLEDORG","passPage":{"title":"{title}","url":"../../common/mapPanel/commonPanel.html","width":450,"height":400,"panelFrame":"../../common/mapPanel/panelFrame/frame_default.html"},"defaultPage":{"url":"../../common/mapPanel/addCoordinate.html","width":400,"height":350,"panelFrame":"../../common/mapPanel/panelFrame/frame_default.html"},"editPage":{"url":"../../common/mapPanel/addCoordinate.html","width":400,"height":350,"panelFrame":"../../common/mapPanel/panelFrame/frame_default.html"}},"ct_waterfacilities":{"title":"CT_WATERFACILITIES","passPage":{"title":"{title}","url":"../../common/mapPanel/commonPanel.html","width":450,"height":400,"panelFrame":"../../common/mapPanel/panelFrame/frame_default.html"},"defaultPage":{"url":"../../common/mapPanel/addCoordinate.html","width":400,"height":350,"panelFrame":"../../common/mapPanel/panelFrame/frame_default.html"},"editPage":{"url":"../../common/mapPanel/addCoordinate.html","width":400,"height":350,"panelFrame":"../../common/mapPanel/panelFrame/frame_default.html"}},"ct_irrigationarea":{"title":"CT_IRRIGATIONAREA","passPage":{"title":"{title}","url":"../../common/mapPanel/commonPanel.html","width":450,"height":400,"panelFrame":"../../common/mapPanel/panelFrame/frame_default.html"},"defaultPage":{"url":"../../common/mapPanel/addCoordinate.html","width":400,"height":350,"panelFrame":"../../common/mapPanel/panelFrame/frame_default.html"},"editPage":{"url":"../../common/mapPanel/addCoordinate.html","width":400,"height":350,"panelFrame":"../../common/mapPanel/panelFrame/frame_default.html"}},"ly_events":{"title":"LY_EVENTS","passPage":{"title":"{title}","url":"../../common/mapPanel/commonPanel.html","width":450,"height":400,"panelFrame":"../../common/mapPanel/panelFrame/frame_default.html"},"defaultPage":{"url":"../../common/mapPanel/addCoordinate.html","width":400,"height":350,"panelFrame":"../../common/mapPanel/panelFrame/frame_default.html"},"editPage":{"url":"../../common/mapPanel/addCoordinate.html","width":400,"height":350,"panelFrame":"../../common/mapPanel/panelFrame/frame_default.html"}},"whfw_activitiescenter":{"title":"WHFW_ACTIVITIESCENTER","passPage":{"title":"{title}","url":"../../common/mapPanel/commonPanel.html","width":450,"height":400,"panelFrame":"../../common/mapPanel/panelFrame/frame_default.html"},"defaultPage":{"url":"../../common/mapPanel/addCoordinate.html","width":400,"height":350,"panelFrame":"../../common/mapPanel/panelFrame/frame_default.html"},"editPage":{"url":"../../common/mapPanel/addCoordinate.html","width":400,"height":350,"panelFrame":"../../common/mapPanel/panelFrame/frame_default.html"}},"ly_scenicspot":{"title":"LY_SCENICSPOT","passPage":{"title":"{title}","url":"../../common/mapPanel/commonPanel.html","width":450,"height":400,"panelFrame":"../../common/mapPanel/panelFrame/frame_default.html"},"defaultPage":{"url":"../../common/mapPanel/addCoordinate.html","width":400,"height":350,"panelFrame":"../../common/mapPanel/panelFrame/frame_default.html"},"editPage":{"url":"../../common/mapPanel/addCoordinate.html","width":400,"height":350,"panelFrame":"../../common/mapPanel/panelFrame/frame_default.html"}},"d_videomonitor":{"title":"D_VIDEOMONITOR","passPage":{"title":"{title}","url":"../../common/mapPanel/shipinPanel.html","width":450,"height":400,"panelFrame":"../../common/mapPanel/panelFrame/frame_default.html"},"defaultPage":{"url":"../../common/mapPanel/addCoordinate.html","width":400,"height":350,"panelFrame":"../../common/mapPanel/panelFrame/frame_default.html"},"editPage":{"url":"../../common/mapPanel/addCoordinate.html","width":400,"height":350,"panelFrame":"../../common/mapPanel/panelFrame/frame_default.html"}},"tyzx_religiousorg":{"title":"TYZX_RELIGIOUSORG","passPage":{"title":"{title}","url":"../../common/mapPanel/commonPanel.html","width":450,"height":400,"panelFrame":"../../common/mapPanel/panelFrame/frame_default.html"},"defaultPage":{"url":"../../common/mapPanel/addCoordinate.html","width":400,"height":350,"panelFrame":"../../common/mapPanel/panelFrame/frame_default.html"},"editPage":{"url":"../../common/mapPanel/addCoordinate.html","width":400,"height":350,"panelFrame":"../../common/mapPanel/panelFrame/frame_default.html"}},"zhzl_massestreatorg":{"title":"ZHZL_MASSESTREATORG","passPage":{"title":"{title}","url":"../../common/mapPanel/commonPanel.html","width":450,"height":400,"panelFrame":"../../common/mapPanel/panelFrame/frame_default.html"},"defaultPage":{"url":"../../common/mapPanel/addCoordinate.html","width":400,"height":350,"panelFrame":"../../common/mapPanel/panelFrame/frame_default.html"},"editPage":{"url":"../../common/mapPanel/addCoordinate.html","width":400,"height":350,"panelFrame":"../../common/mapPanel/panelFrame/frame_default.html"}},"zhzl_keysections":{"title":"ZHZL_KEYSECTIONS","passPage":{"title":"{title}","url":"../../common/mapPanel/commonPanel.html","width":450,"height":400,"panelFrame":"../../common/mapPanel/panelFrame/frame_default.html"},"defaultPage":{"url":"../../common/mapPanel/addCoordinate.html","width":400,"height":350,"panelFrame":"../../common/mapPanel/panelFrame/frame_default.html"},"editPage":{"url":"../../common/mapPanel/addCoordinate.html","width":400,"height":350,"panelFrame":"../../common/mapPanel/panelFrame/frame_default.html"}},"zhzl_keyareas":{"title":"ZHZL_KEYAREAS","passPage":{"title":"{title}","url":"../../common/mapPanel/commonPanel.html","width":450,"height":400,"panelFrame":"../../common/mapPanel/panelFrame/frame_default.html"},"defaultPage":{"url":"../../common/mapPanel/addCoordinate.html","width":400,"height":350,"panelFrame":"../../common/mapPanel/panelFrame/frame_default.html"},"editPage":{"url":"../../common/mapPanel/addCoordinate.html","width":400,"height":350,"panelFrame":"../../common/mapPanel/panelFrame/frame_default.html"}},"zhzl_keyarea":{"title":"ZHZL_KEYAREA","passPage":{"title":"{title}","url":"../../common/mapPanel/commonPanel.html","width":450,"height":400,"panelFrame":"../../common/mapPanel/panelFrame/frame_default.html"},"defaultPage":{"url":"../../common/mapPanel/addCoordinate.html","width":400,"height":350,"panelFrame":"../../common/mapPanel/panelFrame/frame_default.html"},"editPage":{"url":"../../common/mapPanel/addCoordinate.html","width":400,"height":350,"panelFrame":"../../common/mapPanel/panelFrame/frame_default.html"}},"standing_book":{"title":"STANDING_BOOK","passPage":{"title":"{title}","url":"../../common/mapPanel/commonPanel.html","width":450,"height":400,"panelFrame":"../../common/mapPanel/panelFrame/frame_default.html"},"defaultPage":{"url":"../../common/mapPanel/addCoordinate.html","width":400,"height":350,"panelFrame":"../../common/mapPanel/panelFrame/frame_default.html"},"editPage":{"url":"../../common/mapPanel/addCoordinate.html","width":400,"height":350,"panelFrame":"../../common/mapPanel/panelFrame/frame_default.html"}},"case_bkgd_info":{"title":"CASE_BKGD_INFO","passPage":{"title":"{title}","url":"../../common/mapPanel/commonPanel.html","width":450,"height":400,"panelFrame":"../../common/mapPanel/panelFrame/frame_default.html"},"defaultPage":{"url":"../../common/mapPanel/addCoordinate.html","width":400,"height":350,"panelFrame":"../../common/mapPanel/panelFrame/frame_default.html"},"editPage":{"url":"../../common/mapPanel/addCoordinate.html","width":400,"height":350,"panelFrame":"../../common/mapPanel/panelFrame/frame_default.html"}},"zhzl_keyplace":{"title":"ZHZL_KEYPLACE","passPage":{"title":"{title}","url":"../../common/mapPanel/commonPanel.html","width":450,"height":400,"panelFrame":"../../common/mapPanel/panelFrame/frame_default.html"},"defaultPage":{"url":"../../common/mapPanel/addCoordinate.html","width":400,"height":350,"panelFrame":"../../common/mapPanel/panelFrame/frame_default.html"},"editPage":{"url":"../../common/mapPanel/addCoordinate.html","width":400,"height":350,"panelFrame":"../../common/mapPanel/panelFrame/frame_default.html"}},"d_building_view":{"title":"D_Building","passPage":{"title":"{NAME}","url":"../../common/mapPanel/newBuildingPanel.html","width":494,"height":434,"panelFrame":"../../common/mapPanel/panelFrame/frame_default.html"},"defaultPage":{"url":"../../common/mapPanel/addCoordinate.html","width":400,"height":350,"panelFrame":"../../common/mapPanel/panelFrame/frame_default.html"},"editPage":{"url":"../../common/mapPanel/addCoordinate.html","width":400,"height":350,"panelFrame":"../../common/mapPanel/panelFrame/frame_default.html"}},"d_building":{"title":"D_Building","passPage":{"title":"{title}","url":"../../common/mapPanel/newBuildingPanel.html","width":494,"height":434,"panelFrame":"../../common/mapPanel/panelFrame/frame_default.html"},"defaultPage":{"url":"../../common/mapPanel/addCoordinate.html","width":400,"height":350,"panelFrame":"../../common/mapPanel/panelFrame/frame_default.html"},"editPage":{"url":"../../common/mapPanel/addCoordinate.html","width":400,"height":350,"panelFrame":"../../common/mapPanel/panelFrame/frame_default.html"}},"disputepanel":{"title":"DISPUTE_REPORT","defaultPage":{"title":"事件详情","url":"../../common/mapPanel/dispute_reportPanel.html","width":650,"height":380,"panelFrame":"../../common/mapPanel/panelFrame/frame_default.html"},"editPage":{"title":"事件上报","url":"../../common/mapPanel/dispute_submitPanel.html","width":650,"height":380,"panelFrame":"../../common/mapPanel/panelFrame/frame_default.html"}},"griderpanel":{"title":"DISPUTE_TRACE","passPage":{"url":"../../common/mapPanel/dispute_griderPanel.html","width":650,"height":380,"panelFrame":"../../common/mapPanel/panelFrame/frame_default.html"},"defaultPage":{"title":"网格员信息","url":"../../common/mapPanel/dispute_griderPanel.html","width":650,"height":380,"panelFrame":"../../common/mapPanel/panelFrame/frame_default.html"},"editPage":{"url":"../../common/mapPanel/dispute_griderPanel.html","width":650,"height":380,"panelFrame":"../../common/mapPanel/panelFrame/frame_default.html"}},"vitoperson":{"title":"DISPUTE_TRACE","passPage":{"url":"../../common/mapPanel/dispute_griderPanel.html","width":650,"height":380,"panelFrame":"../../common/mapPanel/panelFrame/frame_default.html"},"defaultPage":{"title":"网格员信息","url":"../../common/mapPanel/dispute_griderPanel.html","width":650,"height":380,"panelFrame":"../../common/mapPanel/panelFrame/frame_default.html"},"editPage":{"url":"../../common/mapPanel/dispute_griderPanel.html","width":650,"height":380,"panelFrame":"../../common/mapPanel/panelFrame/frame_default.html"}},"nr_nationalreligionorg":{"title":"NR_NATIONALRELIGIONORG","passPage":{"title":"{title}","url":"../../common/mapPanel/commonPanel.html","width":450,"height":400,"panelFrame":"../../common/mapPanel/panelFrame/frame_default.html"},"defaultPage":{"url":"../../common/mapPanel/addCoordinate.html","width":400,"height":350,"panelFrame":"../../common/mapPanel/panelFrame/frame_default.html"},"editPage":{"url":"../../common/mapPanel/addCoordinate.html","width":400,"height":350,"panelFrame":"../../common/mapPanel/panelFrame/frame_default.html"}},"nr_religiousplace":{"title":"NR_RELIGIOUSPLACE","passPage":{"title":"{title}","url":"../../common/mapPanel/commonPanel.html","width":450,"height":400,"panelFrame":"../../common/mapPanel/panelFrame/frame_default.html"},"defaultPage":{"url":"../../common/mapPanel/addCoordinate.html","width":400,"height":350,"panelFrame":"../../common/mapPanel/panelFrame/frame_default.html"},"editPage":{"url":"../../common/mapPanel/addCoordinate.html","width":400,"height":350,"panelFrame":"../../common/mapPanel/panelFrame/frame_default.html"}},"nr_nationalenterprise":{"title":"NR_NATIONALENTERPRISE","passPage":{"title":"{title}","url":"../../common/mapPanel/commonPanel.html","width":450,"height":400,"panelFrame":"../../common/mapPanel/panelFrame/frame_default.html"},"defaultPage":{"url":"../../common/mapPanel/addCoordinate.html","width":400,"height":350,"panelFrame":"../../common/mapPanel/panelFrame/frame_default.html"},"editPage":{"url":"../../common/mapPanel/addCoordinate.html","width":400,"height":350,"panelFrame":"../../common/mapPanel/panelFrame/frame_default.html"}},"nr_nationaleducation":{"title":"NR_NATIONALEDUCATION","passPage":{"title":"{title}","url":"../../common/mapPanel/commonPanel.html","width":450,"height":400,"panelFrame":"../../common/mapPanel/panelFrame/frame_default.html"},"defaultPage":{"url":"../../common/mapPanel/addCoordinate.html","width":400,"height":350,"panelFrame":"../../common/mapPanel/panelFrame/frame_default.html"},"editPage":{"url":"../../common/mapPanel/addCoordinate.html","width":400,"height":350,"panelFrame":"../../common/mapPanel/panelFrame/frame_default.html"}},"nr_religiousgroup":{"title":"NR_RELIGIOUSGROUP","passPage":{"title":"{title}","url":"../../common/mapPanel/commonPanel.html","width":450,"height":400,"panelFrame":"../../common/mapPanel/panelFrame/frame_default.html"},"defaultPage":{"url":"../../common/mapPanel/addCoordinate.html","width":400,"height":350,"panelFrame":"../../common/mapPanel/panelFrame/frame_default.html"},"editPage":{"url":"../../common/mapPanel/addCoordinate.html","width":400,"height":350,"panelFrame":"../../common/mapPanel/panelFrame/frame_default.html"}},"c_activity":{"title":"C_ACTIVITY","passPage":{"title":"{title}","url":"../../common/mapPanel/commonPanel.html","width":450,"height":400,"panelFrame":"../../common/mapPanel/panelFrame/frame_default.html"},"defaultPage":{"url":"../../common/mapPanel/addCoordinate.html","width":400,"height":350,"panelFrame":"../../common/mapPanel/panelFrame/frame_default.html"},"editPage":{"url":"../../common/mapPanel/addCoordinate.html","width":400,"height":350,"panelFrame":"../../common/mapPanel/panelFrame/frame_default.html"}},"DJ_GeneralActivity":{"title":"组织活动","passPage":{"url":"../../common/mapPanel/volunteerPanel.html","width":430,"height":290,"panelFrame":"../../common/mapPanel/panelFrame/frame_noheader.html"},"defaultPage":{"url":"../../common/mapPanel/addCoordinate.html","width":450,"height":400,"panelFrame":"../../common/mapPanel/panelFrame/frame_noheader.html"},"editPage":{"url":"../../common/mapPanel/addCoordinate.html","width":450,"height":400,"panelFrame":"../../common/mapPanel/panelFrame/frame_noheader.html"}},"DJ_NewPublicSchool":{"title":"学校","passPage":{"url":"../../common/mapPanel/newPublicSchoolPanel.html","width":430,"height":290,"panelFrame":"../../common/mapPanel/panelFrame/frame_noheader.html"},"defaultPage":{"url":"../../common/mapPanel/addCoordinate.html","width":450,"height":400,"panelFrame":"../../common/mapPanel/panelFrame/frame_noheader.html"},"editPage":{"url":"../../common/mapPanel/addCoordinate.html","width":450,"height":400,"panelFrame":"../../common/mapPanel/panelFrame/frame_noheader.html"}},"DJ_Party":{"title":"DJ_Party","passPage":{"url":"../../common/mapPanel/dzzPanel.html","width":332,"height":300,"panelFrame":"../../common/mapPanel/panelFrame/frame_noheader.html"},"defaultPage":{"url":"../../common/mapPanel/addCoordinate.html","width":400,"height":350,"panelFrame":"../../common/mapPanel/panelFrame/frame_noheader.html"},"editPage":{"url":"../../common/mapPanel/addCoordinate.html","width":400,"height":350,"panelFrame":"../../common/mapPanel/panelFrame/frame_noheader.html"}},"View":{"title":"人员管理","passPage":{"url":"panel/partymemberPanel.html","width":450,"height":400,"panelFrame":"../../common/mapPanel/panelFrame/frame_noheader.html"},"defaultPage":{"url":"../map/theme/template/template.html","width":450,"height":400,"panelFrame":"../../common/mapPanel/panelFrame/frame_noheader.html"},"editPage":{"url":"../map/theme/template/template.html","width":450,"height":400,"panelFrame":"../../common/mapPanel/panelFrame/frame_noheader.html"}},"dj_partymember":{"title":"党员信息","passPage":{"title":"{title}","url":"../../common/mapPanel/commie.html","width":494,"height":434,"panelFrame":"../../common/mapPanel/panelFrame/frame_default.html"},"defaultPage":{"url":"../../common/mapPanel/commie.html","width":400,"height":350,"panelFrame":"../../common/mapPanel/panelFrame/frame_default.html"}},"whfw_square":{"title":"WHFW_SQUARE","passPage":{"title":"{title}","url":"../../common/mapPanel/cultureSquare.html","width":450,"height":400,"panelFrame":"../../common/mapPanel/panelFrame/frame_default.html"},"defaultPage":{"url":"../../common/mapPanel/addCoordinate.html","width":400,"height":350,"panelFrame":"../../common/mapPanel/panelFrame/frame_default.html"},"editPage":{"url":"../../common/mapPanel/addCoordinate.html","width":400,"height":350,"panelFrame":"../../common/mapPanel/panelFrame/frame_default.html"}},"zhzl_projectbook":{"title":"ZHZL_PROJECTBOOK","passPage":{"title":"{title}","url":"../../common/mapPanel/commonPanel.html","width":450,"height":400,"panelFrame":"../../common/mapPanel/panelFrame/frame_default.html"},"defaultPage":{"url":"../../common/mapPanel/addCoordinate.html","width":400,"height":350,"panelFrame":"../../common/mapPanel/panelFrame/frame_default.html"},"editPage":{"url":"../../common/mapPanel/addCoordinate.html","width":400,"height":350,"panelFrame":"../../common/mapPanel/panelFrame/frame_default.html"}}}}